pillar,keyword
celebrate,birthday
celebrate,party
celebrate,celebration
celebrate,celebrate
celebrate,pawty
celebrate,milestone
celebrate,anniversary
celebrate,gotcha
celebrate,gotcha day
celebrate,adoption day
celebrate,pup-day
celebrate,cake
celebrate,dog cake
celebrate,birthday cake
celebrate,party snacks
celebrate,centrepiece
celebrate,gift
celebrate,balloon
celebrate,decoration
celebrate,party setup
celebrate,bandana
celebrate,birthday set
celebrate,candle
celebrate,photo
celebrate,photographer
celebrate,pet photography
celebrate,photo shoot
celebrate,photoshoot
celebrate,portrait
celebrate,professional photo
celebrate,capture
celebrate,keepsake
celebrate,memory
celebrate,memorial
celebrate,remembrance
celebrate,tribute
celebrate,shoot
celebrate,professional shoot
celebrate,temperament shoot
dine,meal plan
dine,diet
dine,nutrition
dine,food plan
dine,feeding schedule
dine,what to feed
dine,home cooked
dine,homemade food
dine,kibble
dine,wet food
dine,raw diet
dine,portion
dine,how much to feed
dine,everyday meals
dine,daily meals
dine,regular food
dine,routine food
dine,diet transition
dine,food transition
dine,switching food
dine,changing food
dine,treat budget
dine,treat strategy
dine,hydration
dine,water intake
dine,pantry
dine,staples
dine,refill
dine,food refill
dine,subscription food
dine,breakfast
dine,dinner routine
dine,morning meal
dine,evening meal
dine,feed
dine,feeding
dine,food
dine,meals
dine,eat
dine,eating
dine,treats
dine,treat
dine,snack
dine,snacks
dine,chew
dine,chews
dine,allergy
dine,allergies
dine,allergic
dine,sensitive stomach
dine,food allergy
dine,intolerance
dine,ingredient
dine,ingredients
dine,restaurant
dine,dining out
dine,cafe
dine,brunch
dine,lunch
dine,dinner
dine,reservation
dine,pet-friendly restaurant
dine,dine out
dine,pet cafe
dine,dog cafe
dine,cat cafe
dine,buy food
dine,order food
dine,get food
dine,food delivery
stay,where to sleep
stay,sleeping spot
stay,bed
stay,crate
stay,crate training
stay,sleeping arrangements
stay,home setup
stay,safe space
stay,comfort corner
stay,resting spot
stay,sleep
stay,sleeping
stay,ideally sleep
stay,alone
stay,left alone
stay,separation anxiety
stay,stay alone
stay,dog proof
stay,when I'm out
stay,boarding
stay,daycare
stay,kennel
stay,pet hotel
stay,pet sitter
stay,house sitter
stay,overnight stay
stay,where should he stay
stay,boarding facility
stay,dog boarding
stay,hotel
stay,pet-friendly hotel
stay,accommodation
stay,homestay
stay,resort
stay,pawcation
stay,hotel room
stay,travel stay
stay,vacation stay
stay,multi-dog
stay,shared space
stay,balcony safety
stay,building rules
stay,neighbors
stay,hot weather
stay,cold weather
stay,monsoon
stay,temperature
stay,fan
stay,AC
stay,moving house
stay,new home
stay,renovation
stay,new place
travel,travel
travel,trip
travel,journey
travel,vacation
travel,holiday
travel,getaway
travel,flight
travel,fly
travel,flying
travel,airplane
travel,airline
travel,airport
travel,air travel
travel,car
travel,drive
travel,road trip
travel,car travel
travel,car ride
travel,train
travel,railway
travel,rail
travel,metro
travel,cab
travel,taxi
travel,uber
travel,ola
travel,travel plan
travel,itinerary
travel,packing
travel,checklist
travel,travel kit
travel,carrier
travel,crate
travel,travel crate
travel,carrier size
travel,transport
travel,relocate
travel,relocation
travel,moving
travel,shifting
travel,pickup
travel,drop
travel,airport pickup
travel,pet-friendly
travel,pet travel
travel,can my dog travel
travel,should he travel
travel,travel with dog
travel,travel with pet
travel,flying with dog
travel,travel documents
travel,pet passport
travel,airline policy
travel,travel rules
care,grooming
care,groom
care,haircut
care,trim
care,bath
care,bathing
care,nail trim
care,nail cut
care,ear cleaning
care,deshedding
care,matted
care,mat removal
care,coat care
care,brushing
care,smelly
care,stinky
care,needs a bath
care,groomer
care,nails
care,nail
care,brush
care,coat
care,fur
care,shedding
care,vet
care,veterinary
care,veterinarian
care,checkup
care,check up
care,check-up
care,wellness
care,vaccination
care,vaccine
care,booster
care,deworming
care,flea
care,tick
care,tick prevention
care,health check
care,annual checkup
care,health record
care,medical record
care,itching
care,scratching
care,rash
care,skin issue
care,hair loss
care,ear infection
care,ear issue
care,eye issue
care,dental
care,teeth
care,breath
care,bad breath
care,limping
care,lameness
care,stiff
care,mobility
care,joint pain
care,seems off
care,not himself
care,not herself
care,something wrong
care,sitting
care,pet sitting
care,walker
care,walking
care,daily walk
care,dog walker
care,routine care
care,daily routine
care,care routine
care,medication
care,medicine
care,supplements
care,vitamins
care,prescription
care,track
care,monitor
care,watch for
care,catch early
care,signs
enjoy,event
enjoy,meetup
enjoy,meet up
enjoy,playdate
enjoy,play date
enjoy,dog park
enjoy,trail
enjoy,hike
enjoy,hiking
enjoy,experience
enjoy,activity
enjoy,fun
enjoy,play
enjoy,park
enjoy,beach
enjoy,outdoor
enjoy,outing
enjoy,weekend plan
enjoy,socialize
enjoy,socializing
enjoy,other dogs
enjoy,dog friends
enjoy,playgroup
enjoy,games
enjoy,toys
enjoy,new toy
enjoy,puzzle toy
enjoy,enrichment
enjoy,mental stimulation
enjoy,pet friendly
enjoy,pet-friendly
enjoy,dog friendly
enjoy,where can I take
fit,fitness
fit,weight
fit,exercise
fit,obesity
fit,overweight
fit,weight loss
fit,weight gain
fit,workout
fit,activity level
fit,energy
fit,lazy
fit,sedentary
fit,active dog
fit,walk routine
fit,daily walk
fit,swimming
fit,agility
fit,running
fit,walks
fit,how many walks
fit,exercise routine
fit,physical activity
fit,calories
fit,burn calories
fit,getting fat
fit,too heavy
fit,slim down
learn,learn
learn,training
learn,course
learn,class
learn,puppy class
learn,puppy training
learn,obedience
learn,basic obedience
learn,advanced training
learn,trainer
learn,dog trainer
learn,pet trainer
learn,find trainer
learn,need trainer
learn,choose trainer
learn,hire trainer
learn,training session
learn,behaviour
learn,behavior
learn,barking
learn,barks
learn,excessive barking
learn,whining
learn,howling
learn,biting
learn,nipping
learn,mouthing
learn,jumping
learn,pulling
learn,pulls
learn,leash pulling
learn,teach
learn,command
learn,trick
learn,stay
learn,come
learn,heel
learn,down
learn,leave it
learn,recall
learn,drop it
learn,place
learn,separation anxiety
learn,fearful
learn,reactive
learn,aggression
learn,resource guarding
learn,destructive
learn,chewing
learn,digging
learn,socialization
learn,socializing
learn,puppy socialization
learn,desensitization
paperwork,document
paperwork,certificate
paperwork,passport
paperwork,vaccine certificate
paperwork,insurance
paperwork,record
paperwork,microchip
paperwork,license
paperwork,upload
paperwork,store
paperwork,save
advisory,advice
advisory,consult
advisory,question
advisory,help
advisory,guidance
advisory,recommendation
advisory,suggest
advisory,tips
advisory,how to
advisory,what should
emergency,emergency
emergency,urgent
emergency,help
emergency,lost
emergency,missing
emergency,accident
emergency,injured
emergency,sick
emergency,poison
emergency,bleeding
emergency,choking
emergency,not eating
emergency,hasn't eaten
emergency,hasnt eaten
emergency,wont eat
emergency,stopped eating
emergency,refuses to eat
emergency,limping
emergency,vomiting
emergency,diarrhea
emergency,seizure
emergency,unconscious
emergency,ate chocolate
emergency,ate something
emergency,swallowed
emergency,cant breathe
emergency,difficulty breathing
emergency,collapsed
emergency,not moving
farewell,farewell
farewell,memorial
farewell,loss
farewell,grief
farewell,cremation
farewell,urn
farewell,end of life
farewell,passing
farewell,goodbye
adopt,adopt
adopt,adoption
adopt,rescue
adopt,shelter
adopt,foster