Pillar,Product Name,Product ID
Treats & Rewards,CSV Test Dog Treat,PROD-A01EFF7E3801
adopt,Adoption Readiness Planning,prod-SVC-ADOPT-READINESS
adopt,Anxiety Relief Vest,adopt-comfort-41224bc1
adopt,Breed Suitability Advisory,prod-SVC-ADOPT-SUITABILITY
adopt,Calming Bolster Bed,adopt-comfort-42b20afb
adopt,Cozy Dog Bed,adopt-day1-0a1759a0
adopt,Crate Privacy Cover,adopt-comfort-798c8fdf
adopt,Engraved ID Tag,adopt-day1-8c40827f
adopt,Enrichment Puzzle Toy Set,adopt-prod-puzzle-toys
adopt,Ethical Adoption Discovery,prod-SVC-ADOPT-DISCOVER
adopt,First 30 Days Support,prod-SVC-ADOPT-TRANSITION
adopt,Fleece Blanket,adopt-day1-6163d2f5
adopt,Home Preparation Guidance,prod-SVC-ADOPT-HOME
adopt,No-Pull Harness,adopt-day1-8b91821e
adopt,Premium Bowl Set,adopt-day1-b870c9a7
adopt,Training Pee Pads (30 Pack),adopt-day1-65070c54
care,Calming Dog Bed,advisory-home-605c53e3
care,Crate Training Mat,advisory-home-47f2e977
care,De-shedding Slicker Brush,advisory-grooming-5bb06d25
care,First Collar & Tag Set,advisory-puppy-7b2cd3f6
care,Joint Care Supplement (60 tablets),advisory-senior-e83bd172
care,Non-Slip Mobility Ramp,advisory-senior-e8c69d77
care,Professional Nail Clipper,advisory-grooming-d010d678
care,Puppy Starter Bowl Set,advisory-puppy-8100aba9
care,Raised Food Bowl Stand,advisory-senior-9a123be4
care,Toilet Training Pee Pads (30 pack),advisory-puppy-8c6dccd4
celebrate,Akita Birthday Celebration Box,celebrate-akita-celebration_box-d942b58c
celebrate,Akita Gotcha Day Kit,celebrate-akita-gotcha_day-f184f791
celebrate,Australian Shepherd Birthday Celebration Box,celebrate-aussie-celebration_box-3f8edfe2
celebrate,Australian Shepherd Gotcha Day Kit,celebrate-aussie-gotcha_day-f67e78ee
celebrate,Beagle Birthday Celebration Box,celebrate-beagle-celebration_box-be6c9125
celebrate,Beagle Gotcha Day Kit,celebrate-beagle-gotcha_day-207ca8ad
celebrate,Bernese Mountain Dog Birthday Celebration Box,celebrate-bernese-celebration_box-a7d29772
celebrate,Bernese Mountain Dog Gotcha Day Kit,celebrate-bernese-gotcha_day-53628e72
celebrate,Birthday Hiking Kit — Trail Ready,adv-1f2b8928
celebrate,Birthday Sunrise Walk Kit,adv-446d54ae
celebrate,Border Collie Birthday Celebration Box,celebrate-bordercollie-celebration_box-1d471740
celebrate,Border Collie Gotcha Day Kit,celebrate-bordercollie-gotcha_day-b5b0603f
celebrate,Boxer Birthday Celebration Box,celebrate-boxer-celebration_box-7fda6753
celebrate,Boxer Gotcha Day Kit,celebrate-boxer-gotcha_day-9cc7e4d1
celebrate,Breed Special - Golden Retriever,cel-sample-002
celebrate,Bulldog Birthday Celebration Box,celebrate-bulldog-celebration_box-b26deef5
celebrate,Bulldog Gotcha Day Kit,celebrate-bulldog-gotcha_day-9479e771
celebrate,Cavalier King Charles Birthday Celebration Box,celebrate-cavalier-celebration_box-718d442a
celebrate,Cavalier King Charles Gotcha Day Kit,celebrate-cavalier-gotcha_day-2cdb750c
celebrate,Chihuahua Birthday Celebration Box,celebrate-chi-celebration_box-f2440ead
celebrate,Chihuahua Gotcha Day Kit,celebrate-chi-gotcha_day-75f37df3
celebrate,Classic Birthday Cake,celebrate-cake-1
celebrate,Classic Paw Print Cake,cel-sample-001
celebrate,Cocker Spaniel Birthday Celebration Box,celebrate-cocker-celebration_box-6db3c6d0
celebrate,Cocker Spaniel Gotcha Day Kit,celebrate-cocker-gotcha_day-61ef1316
celebrate,Corgi Birthday Celebration Box,celebrate-corgi-celebration_box-66ab7ff3
celebrate,Corgi Gotcha Day Kit,celebrate-corgi-gotcha_day-59a1d2ee
celebrate,Custom Cake Consultation,celebrate-cake-consult
celebrate,Dachshund Birthday Celebration Box,celebrate-dachshund-celebration_box-f5475369
celebrate,Dachshund Gotcha Day Kit,celebrate-dachshund-gotcha_day-ba259681
celebrate,Dalmatian Birthday Celebration Box,celebrate-dalmatian-celebration_box-ba26857c
celebrate,Dalmatian Gotcha Day Kit,celebrate-dalmatian-gotcha_day-c20ceacb
celebrate,Doberman Birthday Celebration Box,celebrate-dobie-celebration_box-3cfd3640
celebrate,Doberman Gotcha Day Kit,celebrate-dobie-gotcha_day-05a65a09
celebrate,Dog Birthday Cake Topper Set,party-d8221258
celebrate,Freeze-Dried Trail Mix — Birthday Edition,adv-7ab9a89a
celebrate,French Bulldog Birthday Celebration Box,celebrate-frenchie-celebration_box-dc67acd1
celebrate,French Bulldog Gotcha Day Kit,celebrate-frenchie-gotcha_day-0a9ee22a
celebrate,German Shepherd Birthday Celebration Box,celebrate-gsd-celebration_box-47bc6a13
celebrate,German Shepherd Gotcha Day Kit,celebrate-gsd-gotcha_day-f1c8440b
celebrate,Golden Retriever Birthday Celebration Box,celebrate-golden-celebration_box-225a8cc7
celebrate,Golden Retriever Gotcha Day Kit,celebrate-golden-gotcha_day-aaedba87
celebrate,Gotcha Day Celebration,svc-celebrate-d9321aab
celebrate,Great Dane Birthday Celebration Box,celebrate-dane-celebration_box-2aea6e04
celebrate,Great Dane Gotcha Day Kit,celebrate-dane-gotcha_day-94157600
celebrate,Husky Birthday Celebration Box,celebrate-husky-celebration_box-f7d2d2a0
celebrate,Husky Gotcha Day Kit,celebrate-husky-gotcha_day-5cb6daf0
celebrate,Indie Birthday Celebration Box,celebrate-indie-celebration_box-e29787ff
celebrate,Indie Gotcha Day Kit,celebrate-indie-gotcha_day-e3677e0a
celebrate,Jack Russell Birthday Celebration Box,celebrate-jackrussell-celebration_box-24b5310d
celebrate,Jack Russell Gotcha Day Kit,celebrate-jackrussell-gotcha_day-df2b89d9
celebrate,Labrador Birthday Celebration Box,celebrate-lab-celebration_box-67f65960
celebrate,Labrador Gotcha Day Kit,celebrate-lab-gotcha_day-29882e8b
celebrate,Lhasa Apso Birthday Celebration Box,celebrate-lhasa-celebration_box-8105be7f
celebrate,Lhasa Apso Gotcha Day Kit,celebrate-lhasa-gotcha_day-2c9cc9ba
celebrate,Maltese Birthday Celebration Box,celebrate-maltese-celebration_box-69f7853e
celebrate,Maltese Gotcha Day Kit,celebrate-maltese-gotcha_day-cff502b3
celebrate,Peanut Butter Pupcakes (6 pcs),cel-sample-003
celebrate,Pomeranian Birthday Celebration Box,celebrate-pom-celebration_box-76081f8a
celebrate,Pomeranian Gotcha Day Kit,celebrate-pom-gotcha_day-86b326d5
celebrate,Poodle Birthday Celebration Box,celebrate-poodle-celebration_box-ff4e1760
celebrate,Poodle Gotcha Day Kit,celebrate-poodle-gotcha_day-3efa560b
celebrate,Pug Birthday Celebration Box,celebrate-pug-celebration_box-831f22d5
celebrate,Pug Gotcha Day Kit,celebrate-pug-gotcha_day-adceb797
celebrate,Rottweiler Birthday Celebration Box,celebrate-rottie-celebration_box-8cd80a3a
celebrate,Rottweiler Gotcha Day Kit,celebrate-rottie-gotcha_day-e2098ccc
celebrate,Saint Bernard Birthday Celebration Box,celebrate-saintbernard-celebration_box-abc52293
celebrate,Saint Bernard Gotcha Day Kit,celebrate-saintbernard-gotcha_day-dfb0aea6
celebrate,Samoyed Birthday Celebration Box,celebrate-samoyed-celebration_box-5b048d60
celebrate,Samoyed Gotcha Day Kit,celebrate-samoyed-gotcha_day-515a05e2
celebrate,Shiba Inu Birthday Celebration Box,celebrate-shiba-celebration_box-c23bbcc1
celebrate,Shiba Inu Gotcha Day Kit,celebrate-shiba-gotcha_day-0b262b2a
celebrate,Shih Tzu Birthday Celebration Box,celebrate-shihtzu-celebration_box-a4b3ab67
celebrate,Shih Tzu Gotcha Day Kit,celebrate-shihtzu-gotcha_day-72b16492
celebrate,Siberian Husky — Light,cake-siberian_husky-light
celebrate,Special Day Leash — Birthday Edition,adv-07fe101d
celebrate,Spitz Birthday Celebration Box,celebrate-spitz-celebration_box-47c86f4b
celebrate,Spitz Gotcha Day Kit,celebrate-spitz-gotcha_day-ded5d228
celebrate,TDC Anniversary Cake,dine-item-ca425d0d
celebrate,TDC Birthday Cake,dine-item-ed6c4414
celebrate,TDC Mini Cake,dine-item-1aa74da2
celebrate,TEST Celebrate Birthday Cake,PROD-3583E12ED072
celebrate,Treat Puzzle Toy - Birthday Cake Shape,party-7ef5700f
celebrate,Weimaraner Birthday Celebration Box,celebrate-weimaraner-celebration_box-a4bb10e4
celebrate,Weimaraner Gotcha Day Kit,celebrate-weimaraner-gotcha_day-70dc359d
celebrate,Yorkshire Terrier Birthday Celebration Box,celebrate-yorkie-celebration_box-d9159337
celebrate,Yorkshire Terrier Gotcha Day Kit,celebrate-yorkie-gotcha_day-4c7b6318
dine,Akita Dining Placemat,bp-akita-placemat-dine
dine,Akita Enrichment Lick Mat,bp-akita-lick_mat-dine
dine,Akita Feeding Mat,bp-akita-feeding_mat-dine
dine,Akita Food Storage Container,bp-akita-food_container-dine
dine,Alaskan Malamute Dining Placemat,bp-alaskan_malamute-placemat-dine
dine,Alaskan Malamute Enrichment Lick Mat,bp-alaskan_malamute-lick_mat-dine
dine,Alaskan Malamute Feeding Mat,bp-alaskan_malamute-feeding_mat-dine
dine,Alaskan Malamute Food Storage Container,bp-alaskan_malamute-food_container-dine
dine,American Bully Dining Placemat,bp-american_bully-placemat-dine
dine,American Bully Enrichment Lick Mat,bp-american_bully-lick_mat-dine
dine,American Bully Feeding Mat,bp-american_bully-feeding_mat-dine
dine,American Bully Food Storage Container,bp-american_bully-food_container-dine
dine,Australian Shepherd Dining Placemat,bp-australian_shepherd-placemat-dine
dine,Australian Shepherd Enrichment Lick Mat,bp-australian_shepherd-lick_mat-dine
dine,Australian Shepherd Feeding Mat,bp-australian_shepherd-feeding_mat-dine
dine,Australian Shepherd Food Storage Container,bp-australian_shepherd-food_container-dine
dine,Basenji Dining Placemat,bp-basenji-placemat-dine
dine,Basenji Enrichment Lick Mat,bp-basenji-lick_mat-dine
dine,Basenji Feeding Mat,bp-basenji-feeding_mat-dine
dine,Basenji Food Storage Container,bp-basenji-food_container-dine
dine,Beagle Dining Placemat,bp-beagle-placemat-dine
dine,Beagle Enrichment Lick Mat,bp-beagle-lick_mat-dine
dine,Beagle Feeding Mat,bp-beagle-feeding_mat-dine
dine,Beagle Food Storage Container,bp-beagle-food_container-dine
dine,Bernese Mountain Dog Dining Placemat,bp-bernese_mountain-placemat-dine
dine,Bernese Mountain Dog Enrichment Lick Mat,bp-bernese_mountain-lick_mat-dine
dine,Bernese Mountain Dog Feeding Mat,bp-bernese_mountain-feeding_mat-dine
dine,Bernese Mountain Dog Food Storage Container,bp-bernese_mountain-food_container-dine
dine,Bichon Frise Dining Placemat,bp-bichon_frise-placemat-dine
dine,Bichon Frise Enrichment Lick Mat,bp-bichon_frise-lick_mat-dine
dine,Bichon Frise Feeding Mat,bp-bichon_frise-feeding_mat-dine
dine,Bichon Frise Food Storage Container,bp-bichon_frise-food_container-dine
dine,Border Collie Dining Placemat,bp-border_collie-placemat-dine
dine,Border Collie Enrichment Lick Mat,bp-border_collie-lick_mat-dine
dine,Border Collie Feeding Mat,bp-border_collie-feeding_mat-dine
dine,Border Collie Food Storage Container,bp-border_collie-food_container-dine
dine,Boston Terrier Dining Placemat,bp-boston_terrier-placemat-dine
dine,Boston Terrier Enrichment Lick Mat,bp-boston_terrier-lick_mat-dine
dine,Boston Terrier Feeding Mat,bp-boston_terrier-feeding_mat-dine
dine,Boston Terrier Food Storage Container,bp-boston_terrier-food_container-dine
dine,Boxer Dining Placemat,bp-boxer-placemat-dine
dine,Boxer Enrichment Lick Mat,bp-boxer-lick_mat-dine
dine,Boxer Feeding Mat,bp-boxer-feeding_mat-dine
dine,Boxer Food Storage Container,bp-boxer-food_container-dine
dine,Bulldog Dining Placemat,bp-bulldog-placemat-dine
dine,Bulldog Enrichment Lick Mat,bp-bulldog-lick_mat-dine
dine,Bulldog Feeding Mat,bp-bulldog-feeding_mat-dine
dine,Bulldog Food Storage Container,bp-bulldog-food_container-dine
dine,Cavalier King Charles Dining Placemat,bp-cavalier-placemat-dine
dine,Cavalier King Charles Dining Placemat,bp-cavalier_king_charles-placemat-dine
dine,Cavalier King Charles Enrichment Lick Mat,bp-cavalier-lick_mat-dine
dine,Cavalier King Charles Enrichment Lick Mat,bp-cavalier_king_charles-lick_mat-dine
dine,Cavalier King Charles Feeding Mat,bp-cavalier-feeding_mat-dine
dine,Cavalier King Charles Feeding Mat,bp-cavalier_king_charles-feeding_mat-dine
dine,Cavalier King Charles Food Storage Container,bp-cavalier-food_container-dine
dine,Cavalier King Charles Food Storage Container,bp-cavalier_king_charles-food_container-dine
dine,Chicken Daily Treats for Buddy,mira-imagines-treat-buddy
dine,Chicken Daily Treats for Coco,mira-imagines-treat-coco
dine,Chicken Daily Treats for Meister,mira-imagines-treat-meister
dine,Chicken Daily Treats for Mystique,mira-imagines-treat-mystique
dine,Chihuahua Dining Placemat,bp-chihuahua-placemat-dine
dine,Chihuahua Enrichment Lick Mat,bp-chihuahua-lick_mat-dine
dine,Chihuahua Feeding Mat,bp-chihuahua-feeding_mat-dine
dine,Chihuahua Food Storage Container,bp-chihuahua-food_container-dine
dine,Chow Chow Dining Placemat,bp-chow_chow-placemat-dine
dine,Chow Chow Enrichment Lick Mat,bp-chow_chow-lick_mat-dine
dine,Chow Chow Feeding Mat,bp-chow_chow-feeding_mat-dine
dine,Chow Chow Food Storage Container,bp-chow_chow-food_container-dine
dine,Cocker Spaniel Dining Placemat,bp-cocker_spaniel-placemat-dine
dine,Cocker Spaniel Enrichment Lick Mat,bp-cocker_spaniel-lick_mat-dine
dine,Cocker Spaniel Feeding Mat,bp-cocker_spaniel-feeding_mat-dine
dine,Cocker Spaniel Food Storage Container,bp-cocker_spaniel-food_container-dine
dine,Corgi Dining Placemat,bp-corgi-placemat-dine
dine,Corgi Enrichment Lick Mat,bp-corgi-lick_mat-dine
dine,Corgi Feeding Mat,bp-corgi-feeding_mat-dine
dine,Corgi Food Storage Container,bp-corgi-food_container-dine
dine,Dachshund Dining Placemat,bp-dachshund-placemat-dine
dine,Dachshund Enrichment Lick Mat,bp-dachshund-lick_mat-dine
dine,Dachshund Feeding Mat,bp-dachshund-feeding_mat-dine
dine,Dachshund Food Storage Container,bp-dachshund-food_container-dine
dine,Dalmatian Dining Placemat,bp-dalmatian-placemat-dine
dine,Dalmatian Enrichment Lick Mat,bp-dalmatian-lick_mat-dine
dine,Dalmatian Feeding Mat,bp-dalmatian-feeding_mat-dine
dine,Dalmatian Food Storage Container,bp-dalmatian-food_container-dine
dine,Doberman Dining Placemat,bp-doberman-placemat-dine
dine,Doberman Enrichment Lick Mat,bp-doberman-lick_mat-dine
dine,Doberman Feeding Mat,bp-doberman-feeding_mat-dine
dine,Doberman Food Storage Container,bp-doberman-food_container-dine
dine,English Bulldog Dining Placemat,bp-english_bulldog-placemat-dine
dine,English Bulldog Enrichment Lick Mat,bp-english_bulldog-lick_mat-dine
dine,English Bulldog Feeding Mat,bp-english_bulldog-feeding_mat-dine
dine,English Bulldog Food Storage Container,bp-english_bulldog-food_container-dine
dine,French Bulldog Dining Placemat,bp-french_bulldog-placemat-dine
dine,French Bulldog Enrichment Lick Mat,bp-french_bulldog-lick_mat-dine
dine,French Bulldog Feeding Mat,bp-french_bulldog-feeding_mat-dine
dine,French Bulldog Food Storage Container,bp-french_bulldog-food_container-dine
dine,German Shepherd Dining Placemat,bp-german_shepherd-placemat-dine
dine,German Shepherd Enrichment Lick Mat,bp-german_shepherd-lick_mat-dine
dine,German Shepherd Feeding Mat,bp-german_shepherd-feeding_mat-dine
dine,German Shepherd Food Storage Container,bp-german_shepherd-food_container-dine
dine,Golden Retriever Dining Placemat,bp-golden_retriever-placemat-dine
dine,Golden Retriever Enrichment Lick Mat,bp-golden_retriever-lick_mat-dine
dine,Golden Retriever Feeding Mat,bp-golden_retriever-feeding_mat-dine
dine,Golden Retriever Food Storage Container,bp-golden_retriever-food_container-dine
dine,Great Dane Dining Placemat,bp-great_dane-placemat-dine
dine,Great Dane Enrichment Lick Mat,bp-great_dane-lick_mat-dine
dine,Great Dane Feeding Mat,bp-great_dane-feeding_mat-dine
dine,Great Dane Food Storage Container,bp-great_dane-food_container-dine
dine,Greyhound Dining Placemat,bp-greyhound-placemat-dine
dine,Greyhound Enrichment Lick Mat,bp-greyhound-lick_mat-dine
dine,Greyhound Feeding Mat,bp-greyhound-feeding_mat-dine
dine,Greyhound Food Storage Container,bp-greyhound-food_container-dine
dine,Havanese Dining Placemat,bp-havanese-placemat-dine
dine,Havanese Enrichment Lick Mat,bp-havanese-lick_mat-dine
dine,Havanese Feeding Mat,bp-havanese-feeding_mat-dine
dine,Havanese Food Storage Container,bp-havanese-food_container-dine
dine,Husky Dining Placemat,bp-husky-placemat-dine
dine,Husky Enrichment Lick Mat,bp-husky-lick_mat-dine
dine,Husky Feeding Mat,bp-husky-feeding_mat-dine
dine,Husky Food Storage Container,bp-husky-food_container-dine
dine,Indian Pariah Dining Placemat,bp-indian_pariah-placemat-dine
dine,Indian Pariah Enrichment Lick Mat,bp-indian_pariah-lick_mat-dine
dine,Indian Pariah Feeding Mat,bp-indian_pariah-feeding_mat-dine
dine,Indian Pariah Food Storage Container,bp-indian_pariah-food_container-dine
dine,Indian Spitz Dining Placemat,bp-indian_spitz-placemat-dine
dine,Indian Spitz Enrichment Lick Mat,bp-indian_spitz-lick_mat-dine
dine,Indian Spitz Feeding Mat,bp-indian_spitz-feeding_mat-dine
dine,Indian Spitz Food Storage Container,bp-indian_spitz-food_container-dine
dine,Indie Dining Placemat,bp-indie-placemat-dine
dine,Indie Enrichment Lick Mat,bp-indie-lick_mat-dine
dine,Indie Feeding Mat,bp-indie-feeding_mat-dine
dine,Indie Food Storage Container,bp-indie-food_container-dine
dine,Irish Setter Dining Placemat,bp-irish_setter-placemat-dine
dine,Irish Setter Enrichment Lick Mat,bp-irish_setter-lick_mat-dine
dine,Irish Setter Feeding Mat,bp-irish_setter-feeding_mat-dine
dine,Irish Setter Food Storage Container,bp-irish_setter-food_container-dine
dine,Jack Russell Dining Placemat,bp-jack_russell-placemat-dine
dine,Jack Russell Enrichment Lick Mat,bp-jack_russell-lick_mat-dine
dine,Jack Russell Feeding Mat,bp-jack_russell-feeding_mat-dine
dine,Jack Russell Food Storage Container,bp-jack_russell-food_container-dine
dine,Labradoodle Dining Placemat,bp-labradoodle-placemat-dine
dine,Labradoodle Enrichment Lick Mat,bp-labradoodle-lick_mat-dine
dine,Labradoodle Feeding Mat,bp-labradoodle-feeding_mat-dine
dine,Labradoodle Food Storage Container,bp-labradoodle-food_container-dine
dine,Labrador Dining Placemat,bp-labrador-placemat-dine
dine,Labrador Enrichment Lick Mat,bp-labrador-lick_mat-dine
dine,Labrador Feeding Mat,bp-labrador-feeding_mat-dine
dine,Labrador Food Storage Container,bp-labrador-food_container-dine
dine,Lhasa Apso Dining Placemat,bp-lhasa_apso-placemat-dine
dine,Lhasa Apso Enrichment Lick Mat,bp-lhasa_apso-lick_mat-dine
dine,Lhasa Apso Feeding Mat,bp-lhasa_apso-feeding_mat-dine
dine,Lhasa Apso Food Storage Container,bp-lhasa_apso-food_container-dine
dine,Maltese Dining Placemat,bp-maltese-placemat-dine
dine,Maltese Enrichment Lick Mat,bp-maltese-lick_mat-dine
dine,Maltese Feeding Mat,bp-maltese-feeding_mat-dine
dine,Maltese Food Storage Container,bp-maltese-food_container-dine
dine,Pomeranian Dining Placemat,bp-pomeranian-placemat-dine
dine,Pomeranian Enrichment Lick Mat,bp-pomeranian-lick_mat-dine
dine,Pomeranian Feeding Mat,bp-pomeranian-feeding_mat-dine
dine,Pomeranian Food Storage Container,bp-pomeranian-food_container-dine
dine,Poodle Dining Placemat,bp-poodle-placemat-dine
dine,Poodle Enrichment Lick Mat,bp-poodle-lick_mat-dine
dine,Poodle Feeding Mat,bp-poodle-feeding_mat-dine
dine,Poodle Food Storage Container,bp-poodle-food_container-dine
dine,Premium Daily Treats for Bruno,mira-imagines-treat-bruno
dine,Premium Daily Treats for Luna,mira-imagines-treat-luna
dine,Pug Dining Placemat,bp-pug-placemat-dine
dine,Pug Enrichment Lick Mat,bp-pug-lick_mat-dine
dine,Pug Feeding Mat,bp-pug-feeding_mat-dine
dine,Pug Food Storage Container,bp-pug-food_container-dine
dine,Rottweiler Dining Placemat,bp-rottweiler-placemat-dine
dine,Rottweiler Enrichment Lick Mat,bp-rottweiler-lick_mat-dine
dine,Rottweiler Feeding Mat,bp-rottweiler-feeding_mat-dine
dine,Rottweiler Food Storage Container,bp-rottweiler-food_container-dine
dine,Saint Bernard Dining Placemat,bp-saint_bernard-placemat-dine
dine,Saint Bernard Enrichment Lick Mat,bp-saint_bernard-lick_mat-dine
dine,Saint Bernard Feeding Mat,bp-saint_bernard-feeding_mat-dine
dine,Saint Bernard Food Storage Container,bp-saint_bernard-food_container-dine
dine,Salmon Daily Treats for Maya,mira-imagines-treat-maya
dine,Salmon Daily Treats for Mojo,mira-imagines-treat-mojo
dine,Salmon Daily Treats for Moon,mira-imagines-treat-moon
dine,Salmon Daily Treats for Mynx,mira-imagines-treat-mynx
dine,Samoyed Dining Placemat,bp-samoyed-placemat-dine
dine,Samoyed Enrichment Lick Mat,bp-samoyed-lick_mat-dine
dine,Samoyed Feeding Mat,bp-samoyed-feeding_mat-dine
dine,Samoyed Food Storage Container,bp-samoyed-food_container-dine
dine,Schnoodle Dining Placemat,bp-schnoodle-placemat-dine
dine,Schnoodle Enrichment Lick Mat,bp-schnoodle-lick_mat-dine
dine,Schnoodle Feeding Mat,bp-schnoodle-feeding_mat-dine
dine,Schnoodle Food Storage Container,bp-schnoodle-food_container-dine
dine,Scottish Terrier Dining Placemat,bp-scottish_terrier-placemat-dine
dine,Scottish Terrier Enrichment Lick Mat,bp-scottish_terrier-lick_mat-dine
dine,Scottish Terrier Feeding Mat,bp-scottish_terrier-feeding_mat-dine
dine,Scottish Terrier Food Storage Container,bp-scottish_terrier-food_container-dine
dine,Shetland Sheepdog Dining Placemat,bp-shetland_sheepdog-placemat-dine
dine,Shetland Sheepdog Enrichment Lick Mat,bp-shetland_sheepdog-lick_mat-dine
dine,Shetland Sheepdog Feeding Mat,bp-shetland_sheepdog-feeding_mat-dine
dine,Shetland Sheepdog Food Storage Container,bp-shetland_sheepdog-food_container-dine
dine,Shih Tzu Dining Placemat,bp-shih_tzu-placemat-dine
dine,Shih Tzu Enrichment Lick Mat,bp-shih_tzu-lick_mat-dine
dine,Shih Tzu Feeding Mat,bp-shih_tzu-feeding_mat-dine
dine,Shih Tzu Food Storage Container,bp-shih_tzu-food_container-dine
dine,Siberian Husky Dining Placemat,bp-siberian_husky-placemat-dine
dine,Siberian Husky Enrichment Lick Mat,bp-siberian_husky-lick_mat-dine
dine,Siberian Husky Feeding Mat,bp-siberian_husky-feeding_mat-dine
dine,Siberian Husky Food Storage Container,bp-siberian_husky-food_container-dine
dine,St. Bernard Dining Placemat,bp-st_bernard-placemat-dine
dine,St. Bernard Enrichment Lick Mat,bp-st_bernard-lick_mat-dine
dine,St. Bernard Feeding Mat,bp-st_bernard-feeding_mat-dine
dine,St. Bernard Food Storage Container,bp-st_bernard-food_container-dine
dine,Treatment-Safe Health Formula for Bruno,mira-imagines-health-bruno
dine,Treatment-Safe Health Formula for Buddy,mira-imagines-health-buddy
dine,Treatment-Safe Health Formula for Meister,mira-imagines-health-meister
dine,Treatment-Safe Health Formula for Mojo,mira-imagines-health-mojo
dine,Vet-Checked Daily Supplement for Bruno,mira-imagines-supplement-bruno
dine,Vet-Checked Daily Supplement for Buddy,mira-imagines-supplement-buddy
dine,Vet-Checked Daily Supplement for Meister,mira-imagines-supplement-meister
dine,Vet-Checked Daily Supplement for Mojo,mira-imagines-supplement-mojo
dine,Vizsla Dining Placemat,bp-vizsla-placemat-dine
dine,Vizsla Enrichment Lick Mat,bp-vizsla-lick_mat-dine
dine,Vizsla Feeding Mat,bp-vizsla-feeding_mat-dine
dine,Vizsla Food Storage Container,bp-vizsla-food_container-dine
dine,Weimaraner Dining Placemat,bp-weimaraner-placemat-dine
dine,Weimaraner Enrichment Lick Mat,bp-weimaraner-lick_mat-dine
dine,Weimaraner Feeding Mat,bp-weimaraner-feeding_mat-dine
dine,Weimaraner Food Storage Container,bp-weimaraner-food_container-dine
dine,Yorkshire Terrier Dining Placemat,bp-yorkshire-placemat-dine
dine,Yorkshire Terrier Dining Placemat,bp-yorkshire_terrier-placemat-dine
dine,Yorkshire Terrier Enrichment Lick Mat,bp-yorkshire-lick_mat-dine
dine,Yorkshire Terrier Feeding Mat,bp-yorkshire-feeding_mat-dine
dine,Yorkshire Terrier Food Storage Container,bp-yorkshire-food_container-dine
dine,Yorkshire Terrier Food Storage Container,bp-yorkshire_terrier-food_container-dine
emergency,Emergency Transport,prod-SVC-EMERG-TRANSPORT
flat_art,Soul Rain Jacket — Flat Art,flat-art-flat_art_jacket-template
go,Cat Condo Rental,stay-5cf25fe8
go,Holiday Pet Hotel,stay-6e89377d
go,Leash Training Course,learn-358103f0
go,Luxury Pet Suite,stay-9aeb0242
go,Pet Hotel Standard Room,stay-eb1b89c2
go,Pet Vacation Resort,stay-8d906e2b
go,Puppy Kindergarten Stay,stay-cfb19d45
go,SUJÁN Jawai,stay-69b00c198c8b073e6d08dc7e
go,Senior Pet Care Room,stay-65422098
go,Special Needs Boarding,stay-bee84036
go,TDC Collapsible Travel Bowl,dine-item-4b933790
go,VIP Pet Penthouse,stay-d0c8ba69
learn,First Aid Training Course,emergency-84b8d7ec
learn,Personal Training Programme - 8 Weeks,svc-fit-862b9b11
learn,Pet First Aid Training,svc-emergency-7f7d140a
learn,Private Training - Home Visit,svc-learn-dd8da108
paperwork,Pet Insurance Document Organizer,paper-insurance-organizer
physical,TEST_ArchiveRestore_Product,PROD-D8DD5860F992
physical,TEST_ArchiveRestore_Product,PROD-1A5AF7A5F10D
physical,TEST_ArchiveRestore_Product,PROD-842C0F4F2F44
physical,TEST_ArchiveRestore_Product,PROD-7E60F3EE11CA
physical,TEST_ArchiveRestore_Product,PROD-2B95D22E7751
play,Puppy Teething Chew Toys,advisory-puppy-f97ee9da
play,Snuffle Mat for Mental Stimulation,advisory-home-db467983
services,Interactive Fetch Launcher,fit-prod-c8f0f716
services,Swimming Vest (All Sizes),fit-prod-57aaa21d
services,Treadmill for Dogs,fit-prod-9ffe031d
shop,24/7 Emergency Hotline Access,svc-emergency-001722b2
shop,24/7 Vet Hotline Access,emergency-22f0f5f4
shop,Adoption Anniversary Ritual,svc-celebrate-da88476b
shop,Adoption Application Processing,adopt-899ac12c
shop,Adoption Counseling,seed-adopt-45858257
shop,Adoption Counselling,adopt-5b8366a7
shop,Adoption Follow-up Package,adopt-377e4e82
shop,Advanced Commands Training,learn-f285fc00
shop,Advanced Tricks & Commands,learn-1c73605c
shop,Advanced Tricks Masterclass,learn-prod-video
shop,Adventure Day Out,svc-enjoy-a2f999b2
shop,Adventure Day Planning,prod-svc-enjoy-adventure
shop,Agility Course Access,seed-enjoy-53d38976
shop,Agility Foundation Course,prod-svc-fit-c4ff6597
shop,Agility Training Sessions (4 Pack),fit-cd0415bd
shop,Airline Pet Booking,travel-128855a2
shop,Airport Assistance Service,svc-travel-7f7b4df1
shop,Airport Pickup & Drop,seed-stay-c60487d8
shop,Akita Birthday Bandana,celebrate-akita-birthday_bandana-def3e7cc
shop,Akita Birthday Party Hat,celebrate-akita-party_hat-33eb4804
shop,Akita Charm Keychain,breed-akita-keychain-9c5ed990
shop,Akita Illustrated Coffee Mug,tdc-mug-akita-9015c71a
shop,Akita Mom/Dad Coffee Mug,breed-akita-mug-4dc9fa20
shop,Akita Pawfect Bandana,breed-akita-bandana-d77d19b2
shop,Akita Rain Jacket,bp-akita-rain_jacket-shop
shop,Alaskan Malamute Rain Jacket,bp-alaskan_malamute-rain_jacket-shop
shop,All Breeds  Birthday Banner  Photo Backdrop,4c512b6e-7c75-4431-85a1-3ae0b5d69dd0
shop,All Breeds  Celebration Candle Set  Paw Shaped,95e55833-b3fb-427b-875f-84b5e042d2f2
shop,All Breeds  Gotcha Day Bandana  Anniversary Special,687c0550-640e-4cc6-8c6b-62e83fbea619
shop,All Breeds  Paw Print Balloons  6-Pack Decor,f73ff19e-b3b3-41b6-baa8-8e9505b1b9c0
shop,All Breeds  Pet First Aid Kit  Emergency Ready,6784261e-49c7-477b-8a09-7a44cc0184a1
shop,Allergy Testing,care-c4f7e586
shop,American Bully Rain Jacket,bp-american_bully-rain_jacket-shop
shop,Annual Celebration Reminder & Planning,svc-celebrate-4fb77ce9
shop,At-Home Euthanasia Coordination,svc-farewell-6c595c14
shop,Australian Shepherd Birthday Bandana,celebrate-aussie-birthday_bandana-5820b078
shop,Australian Shepherd Birthday Party Hat,celebrate-aussie-party_hat-0844c663
shop,Australian Shepherd Charm Keychain,breed-aussie-keychain-266d1f99
shop,Australian Shepherd Illustrated Coffee Mug,tdc-mug-aussie-912c61e7
shop,Australian Shepherd Mom/Dad Coffee Mug,breed-aussie-mug-d38a941d
shop,Australian Shepherd Pawfect Bandana,breed-aussie-bandana-148c4927
shop,Australian Shepherd Rain Jacket,bp-australian_shepherd-rain_jacket-shop
shop,Basenji Rain Jacket,bp-basenji-rain_jacket-shop
shop,Basic Obedience Training (8 Sessions),learn-59efacc8
shop,Beagle Birthday Bandana,celebrate-beagle-birthday_bandana-2ddfa2f0
shop,Beagle Birthday Party Hat,celebrate-beagle-party_hat-41a37ee9
shop,Beagle Charm Keychain,breed-beagle-keychain-d7987ef7
shop,Beagle Illustrated Coffee Mug,tdc-mug-beagle-c497f163
shop,Beagle Mom/Dad Coffee Mug,breed-beagle-mug-12fed2e9
shop,Beagle Pawfect Bandana,breed-beagle-bandana-18583d3b
shop,Beagle Rain Jacket,bp-beagle-rain_jacket-shop
shop,Behaviour Assessment,advisory-4816ac9b
shop,Behaviour Assessment & Plan,svc-learn-83554778
shop,Behaviour Consultation,advisory-94989eb8
shop,Behaviour Modification,learn-bdff5948
shop,Behaviour Modification Programme,learn-86a761b7
shop,Bernese Mountain Dog Birthday Bandana,celebrate-bernese-birthday_bandana-35e2dc55
shop,Bernese Mountain Dog Birthday Party Hat,celebrate-bernese-party_hat-ee055801
shop,Bernese Mountain Dog Charm Keychain,breed-bernese-keychain-7a9df946
shop,Bernese Mountain Dog Illustrated Coffee Mug,tdc-mug-bernese-8d60b986
shop,Bernese Mountain Dog Mom/Dad Coffee Mug,breed-bernese-mug-6939cfe3
shop,Bernese Mountain Dog Pawfect Bandana,breed-bernese-bandana-e719e8ec
shop,Bernese Mountain Rain Jacket,bp-bernese_mountain-rain_jacket-shop
shop,Bichon Frise Rain Jacket,bp-bichon_frise-rain_jacket-shop
shop,Birthday Boy Bandana - Blue & Gold,party-90cf2b40
shop,Birthday Dinner Package,dine-245fecaa
shop,Birthday Girl Bandana - Pink & Rose Gold,party-37bb7512
shop,Birthday Pawty Box,cel-bun-001
shop,Birthday Pawty Planning - Caf/Venue,svc-celebrate-1d7dabb1
shop,Birthday Pawty Planning - Home,svc-celebrate-7f5048e6
shop,Birthday Pawty Planning - Resort Experience,svc-celebrate-7a925790
shop,Blood Panel Test,care-6cc875d7
shop,Border Collie Birthday Bandana,celebrate-bordercollie-birthday_bandana-2aa26f5b
shop,Border Collie Birthday Party Hat,celebrate-bordercollie-party_hat-5968dcb4
shop,Border Collie Charm Keychain,breed-bordercollie-keychain-60f867cb
shop,Border Collie Illustrated Coffee Mug,tdc-mug-bordercollie-2771952a
shop,Border Collie Mom/Dad Coffee Mug,breed-bordercollie-mug-4f791a13
shop,Border Collie Pawfect Bandana,breed-bordercollie-bandana-4c6f2c28
shop,Border Collie Rain Jacket,bp-border_collie-rain_jacket-shop
shop,Boston Terrier Rain Jacket,bp-boston_terrier-rain_jacket-shop
shop,Boxer Birthday Bandana,celebrate-boxer-birthday_bandana-9071401c
shop,Boxer Birthday Party Hat,celebrate-boxer-party_hat-ab1416ef
shop,Boxer Charm Keychain,breed-boxer-keychain-bd086bfc
shop,Boxer Illustrated Coffee Mug,tdc-mug-boxer-9d09f010
shop,Boxer Mom/Dad Coffee Mug,breed-boxer-mug-f89f251a
shop,Boxer Pawfect Bandana,breed-boxer-bandana-e4ba9c86
shop,Boxer Rain Jacket,bp-boxer-rain_jacket-shop
shop,Breed Selection Advisory,svc-advisory-e266850f
shop,Breed Selection Guidance,advisory-9cfa5cb2
shop,Breed-Specific Playdate,community-81fae822
shop,Breed-Specific Styling,groom-fed640c9
shop,Bulldog Birthday Bandana,celebrate-bulldog-birthday_bandana-8d684d14
shop,Bulldog Birthday Party Hat,celebrate-bulldog-party_hat-0a8655e6
shop,Bulldog Charm Keychain,breed-bulldog-keychain-a374e759
shop,Bulldog Illustrated Coffee Mug,tdc-mug-bulldog-627edec5
shop,Bulldog Mom/Dad Coffee Mug,breed-bulldog-mug-74098caa
shop,Bulldog Pawfect Bandana,breed-bulldog-bandana-9b76ea89
shop,Bulldog Rain Jacket,bp-bulldog-rain_jacket-shop
shop,Canine CrossFit,fit-0abbc0b8
shop,Canine Good Citizen Prep,learn-a10dd645
shop,Canine Good Citizen Preparation,svc-learn-ea112dba
shop,Canine Yoga Class,fit-0d19a648
shop,Cavalier King Charles Birthday Bandana,celebrate-cavalier-birthday_bandana-9b3e4814
shop,Cavalier King Charles Birthday Party Hat,celebrate-cavalier-party_hat-3c6a5f81
shop,Cavalier King Charles Charm Keychain,breed-cavalier-keychain-2dec6eae
shop,Cavalier King Charles Illustrated Coffee Mug,tdc-mug-cavalier-496bb274
shop,Cavalier King Charles Mom/Dad Coffee Mug,breed-cavalier-mug-c3c27cd0
shop,Cavalier King Charles Pawfect Bandana,breed-cavalier-bandana-ae6b2699
shop,Cavalier Rain Jacket,bp-cavalier-rain_jacket-shop
shop,Ceramic Memorial Urn,fprod-urn-ceramic
shop,Chef's Table Experience,svc-dine-45f5b8d1
shop,Chihuahua Birthday Bandana,celebrate-chi-birthday_bandana-dd83767c
shop,Chihuahua Birthday Party Hat,celebrate-chi-party_hat-641dbeeb
shop,Chihuahua Charm Keychain,breed-chi-keychain-fe8d23a1
shop,Chihuahua Illustrated Coffee Mug,tdc-mug-chi-e3ce8ecf
shop,Chihuahua Mom/Dad Coffee Mug,breed-chi-mug-0f4e0e54
shop,Chihuahua Pawfect Bandana,breed-chi-bandana-8bdedc72
shop,Chihuahua Rain Jacket,bp-chihuahua-rain_jacket-shop
shop,Chow Chow Rain Jacket,bp-chow_chow-rain_jacket-shop
shop,Claims Assistance,prod-svc-insure-claims
shop,Clay Paw Print Kit,fprod-pawprint
shop,Cocker Spaniel Birthday Bandana,celebrate-cocker-birthday_bandana-6be394ab
shop,Cocker Spaniel Birthday Party Hat,celebrate-cocker-party_hat-0d34f171
shop,Cocker Spaniel Charm Keychain,breed-cocker-keychain-3658a0ed
shop,Cocker Spaniel Illustrated Coffee Mug,tdc-mug-cocker-221b102b
shop,Cocker Spaniel Mom/Dad Coffee Mug,breed-cocker-mug-c31f0e52
shop,Cocker Spaniel Pawfect Bandana,breed-cocker-bandana-e09cf60e
shop,Cocker Spaniel Rain Jacket,bp-cocker_spaniel-rain_jacket-shop
shop,Complete Fitness Transformation,bundle-fit-transformation
shop,Complete Memorial Package,bundle-farewell-complete
shop,Complete Protection Plan,bundle-insure-complete-protection
shop,Complete Registration Package,svc-paperwork-525a9f7d
shop,Comprehensive Pet Insurance,insure-d823ef58
shop,Corgi Birthday Bandana,celebrate-corgi-birthday_bandana-f38b254a
shop,Corgi Birthday Party Hat,celebrate-corgi-party_hat-ccb53090
shop,Corgi Charm Keychain,breed-corgi-keychain-c73ae325
shop,Corgi Illustrated Coffee Mug,tdc-mug-corgi-14a7f7c0
shop,Corgi Mom/Dad Coffee Mug,breed-corgi-mug-3f11465f
shop,Corgi Pawfect Bandana,breed-corgi-bandana-8ca4b7f7
shop,Corgi Rain Jacket,bp-corgi-rain_jacket-shop
shop,Countryside Paws - Coorg,stay-6999b97c47a78c4a81e03966
shop,Custom Meal Planning,prod-svc-feed-meal-plan
shop,Dachshund Birthday Bandana,celebrate-dachshund-birthday_bandana-885bd9a7
shop,Dachshund Birthday Party Hat,celebrate-dachshund-party_hat-fe9e5486
shop,Dachshund Charm Keychain,breed-dachshund-keychain-41176fa7
shop,Dachshund Illustrated Coffee Mug,tdc-mug-dachshund-ac9dff3b
shop,Dachshund Mom/Dad Coffee Mug,breed-dachshund-mug-dd1ed6c9
shop,Dachshund Pawfect Bandana,breed-dachshund-bandana-c4acc6d1
shop,Dachshund Rain Jacket,bp-dachshund-rain_jacket-shop
shop,Daily Walk & Exercise Package,fit-9fba508f
shop,Dalmatian Birthday Bandana,celebrate-dalmatian-birthday_bandana-a4f58e69
shop,Dalmatian Birthday Party Hat,celebrate-dalmatian-party_hat-425a63ee
shop,Dalmatian Charm Keychain,breed-dalmatian-keychain-40f912c8
shop,Dalmatian Illustrated Coffee Mug,tdc-mug-dalmatian-b0e56e23
shop,Dalmatian Mom/Dad Coffee Mug,breed-dalmatian-mug-5885416c
shop,Dalmatian Pawfect Bandana,breed-dalmatian-bandana-b7c29985
shop,Dalmatian Rain Jacket,bp-dalmatian-rain_jacket-shop
shop,Dental Cleaning,care-d91b0143
shop,Desi Ladoo Treats,cel-sample-004
shop,Deworming Treatment,care-527df9ba
shop,Diet Transition Plan,advisory-15cac1ec
shop,Diet Transition Support,svc-dine-44e36ece
shop,Doberman Birthday Bandana,celebrate-dobie-birthday_bandana-825084a1
shop,Doberman Birthday Party Hat,celebrate-dobie-party_hat-c16cc24c
shop,Doberman Charm Keychain,breed-dobie-keychain-9a15f054
shop,Doberman Illustrated Coffee Mug,tdc-mug-dobie-d98f8d70
shop,Doberman Mom/Dad Coffee Mug,breed-dobie-mug-901dd5ff
shop,Doberman Pawfect Bandana,breed-dobie-bandana-2f22830b
shop,Doberman Rain Jacket,bp-doberman-rain_jacket-shop
shop,Document Organisation Service,svc-paperwork-58af97fc
shop,Dog Bone Napkins (30 Pack),party-ee928ae7
shop,Dog Park Meetup Pass,enjoy-efd5110c
shop,Dog Park Meetup Pass (Monthly),community-6898a12a
shop,Dog Park Playdate Booking,seed-enjoy-d9d90d45
shop,Dog Psychology Handbook,learn-prod-book
shop,Dog Running Session,fit-9a00b7ab
shop,Doggy Birthday Party,enjoy-f676cf07
shop,Doggy Ice Cream Party,dine-c0c2215d
shop,Doggy Yoga Session,enjoy-c4374ad1
shop,Emergency Fund Setup,emergency-b0e9efe5
shop,Emergency Sourcing,prod-SVC-SHOP-EMERGENCY
shop,End-of-Life Consultation,svc-advisory-bf6e8f0a
shop,End-of-Life Planning,advisory-4dcadc67
shop,Enrichment Box Subscription,svc-enjoy-b1ba8b88
shop,Exercise Plan Consult,advisory-f318ce10
shop,Extended Stay Discount,stay-96af6b89
shop,Fitness Assessment,seed-fit-e8a3ef8d
shop,Fitness Assessment & Programme Design,svc-fit-3b6e9129
shop,Flea & Tick Prevention,care-1377d639
shop,Foster Parent Starter Kit,adopt-ec092548
shop,Foster-to-Adopt Programme,svc-adopt-1d41ca6f
shop,French Bulldog Birthday Bandana,celebrate-frenchie-birthday_bandana-528c92f1
shop,French Bulldog Birthday Party Hat,celebrate-frenchie-party_hat-7ff8ca86
shop,French Bulldog Charm Keychain,breed-frenchie-keychain-bb31936f
shop,French Bulldog Illustrated Coffee Mug,tdc-mug-frenchie-4ddaf692
shop,French Bulldog Mom/Dad Coffee Mug,breed-frenchie-mug-cccda05a
shop,French Bulldog Pawfect Bandana,breed-frenchie-bandana-cc7c90b6
shop,French Bulldog Rain Jacket,bp-french_bulldog-rain_jacket-shop
shop,Fresh Meal Subscription,prod-svc-dine-subscription
shop,German Shepherd Birthday Bandana,celebrate-gsd-birthday_bandana-e3e4e207
shop,German Shepherd Birthday Party Hat,celebrate-gsd-party_hat-15705a84
shop,German Shepherd Charm Keychain,breed-gsd-keychain-be46df93
shop,German Shepherd Illustrated Coffee Mug,tdc-mug-gsd-6bace1e4
shop,German Shepherd Mom/Dad Coffee Mug,breed-gsd-mug-d67949aa
shop,German Shepherd Pawfect Bandana,breed-gsd-bandana-fb897a3e
shop,German Shepherd Rain Jacket,bp-german_shepherd-rain_jacket-shop
shop,Golden Family  Photoshoot Bandana  Camera Ready,95aeccb7-1443-469c-8d47-b8692f4a51ee
shop,Golden Parent  Golden Retriever Mug  Love My Golden,b47297d8-4488-434f-ada6-c605d4b27b0d
shop,Golden Retriever Birthday Bandana,celebrate-golden-birthday_bandana-f2dbb010
shop,Golden Retriever Birthday Party Hat,celebrate-golden-party_hat-0b035f9a
shop,Golden Retriever Charm Keychain,breed-golden-keychain-e498e842
shop,Golden Retriever Illustrated Coffee Mug,tdc-mug-golden-6b51b807
shop,Golden Retriever Mom/Dad Coffee Mug,breed-golden-mug-f8316721
shop,Golden Retriever Pawfect Bandana,breed-golden-bandana-fe4bd40b
shop,Golden Retriever Rain Jacket,bp-golden_retriever-rain_jacket-shop
shop,Gourmet Pet Platter,dine-149222dc
shop,Gourmet Picnic Setup,prod-svc-dine-picnic
shop,Great Dane Birthday Bandana,celebrate-dane-birthday_bandana-b9852713
shop,Great Dane Birthday Party Hat,celebrate-dane-party_hat-d2a5aaad
shop,Great Dane Charm Keychain,breed-dane-keychain-ca1dbad3
shop,Great Dane Illustrated Coffee Mug,tdc-mug-dane-8f865a23
shop,Great Dane Mom/Dad Coffee Mug,breed-dane-mug-a1e09785
shop,Great Dane Pawfect Bandana,breed-dane-bandana-e145c3a2
shop,Great Dane Rain Jacket,bp-great_dane-rain_jacket-shop
shop,Grief Support,prod-svc-farewell-grief
shop,Grief Support Counselling,farewell-2b3012b4
shop,Grief Support Sessions,svc-farewell-81704345
shop,Grooming During Stay,stay-5afcb957
shop,Group Dining Events,prod-svc-dine-group-event
shop,HUFT Bandana Set (Pack of 3),huft-6f7d7ea8f8b2
shop,HUFT Raincoat with Hood,huft-4e14856489ff
shop,Havanese Rain Jacket,bp-havanese-rain_jacket-shop
shop,Health Certificate,paperwork-18b00074
shop,Heartworm Prevention,care-4c49bf18
shop,Home Assessment Service,adopt-6878a0e9
shop,Home Chef Pet Meal,dine-1dd03b79
shop,Home Cooking Workshop,svc-dine-d5633fd0
shop,Home Pet Sitter Matching,svc-stay-0c95a0ef
shop,Home Pet Sitting,stay-d393d42c
shop,Husky Birthday Bandana,celebrate-husky-birthday_bandana-b3d22ac9
shop,Husky Birthday Party Hat,celebrate-husky-party_hat-0ada4b64
shop,Husky Charm Keychain,breed-husky-keychain-128deb69
shop,Husky Illustrated Coffee Mug,tdc-mug-husky-a8a8eeb9
shop,Husky Mom/Dad Coffee Mug,breed-husky-mug-52283a56
shop,Husky Pawfect Bandana,breed-husky-bandana-828e39ed
shop,Husky Rain Jacket,bp-husky-rain_jacket-shop
shop,Hydrotherapy Sessions,svc-fit-497f7c0c
shop,Import/Export Permit Service,svc-paperwork-2eeb4d14
shop,Indian Spitz Rain Jacket,bp-indian spitz-rain_jacket-shop
shop,Indie Birthday Bandana,celebrate-indie-birthday_bandana-55f28697
shop,Indie Birthday Party Hat,celebrate-indie-party_hat-02c917f9
shop,Indie Charm Keychain,breed-indie-keychain-1370dce8
shop,Indie Dog  Desi Pride Bandana  Heritage Style,5a4d0aa3-3a15-47e3-ab7a-692ecdb1ac12
shop,Indie Dog  Light Jacket  Monsoon Ready,a4e891a7-d1c5-4ecf-a160-9d6a50a41055
shop,Indie Dog  Martingale Collar  Escape-Proof,b7a50f99-739c-4f58-b8b2-dbd587101a1f
shop,Indie Dog  Snuffle Mat  Scent Games,6e4e788a-e184-4a32-99e7-0561c9b880a0
shop,Indie Illustrated Coffee Mug,tdc-mug-indie-f728f7ba
shop,Indie Mom/Dad Coffee Mug,breed-indie-mug-fe4f5be3
shop,Indie Parent  Desi Dog Mug  Proud Owner,4bc026d9-0f15-4856-a11f-63f568ee4d51
shop,Indie Pawfect Bandana,breed-indie-bandana-7affb343
shop,Indie Rain Jacket,bp-indie-rain_jacket-shop
shop,Insurance Consultation,prod-svc-insure-consult
shop,International Flight Assistance,seed-travel-c9c0c605
shop,International Vet Check,travel-da888f2b
shop,Irish Setter Rain Jacket,bp-irish_setter-rain_jacket-shop
shop,Italian Greyhound Rain Jacket,bp-italian_greyhound-rain_jacket-shop
shop,Jack Russell Birthday Bandana,celebrate-jackrussell-birthday_bandana-78fb95aa
shop,Jack Russell Birthday Party Hat,celebrate-jackrussell-party_hat-dcd0ecaf
shop,Jack Russell Charm Keychain,breed-jackrussell-keychain-febf0791
shop,Jack Russell Illustrated Coffee Mug,tdc-mug-jackrussell-4cdcef89
shop,Jack Russell Mom/Dad Coffee Mug,breed-jackrussell-mug-051d6c15
shop,Jack Russell Pawfect Bandana,breed-jackrussell-bandana-2a49d70c
shop,Jack Russell Rain Jacket,bp-jack_russell-rain_jacket-shop
shop,Keepsake Creation Service,svc-celebrate-0481b798
shop,Lab Parent  Labrador Travel Mug  On The Go,4f14c5df-91b7-4c3f-b9b0-e3ea9ef5c265
shop,Labradoodle Rain Jacket,bp-labradoodle-rain_jacket-shop
shop,Labrador Birthday Bandana,celebrate-lab-birthday_bandana-dbe83d60
shop,Labrador Birthday Party Hat,celebrate-lab-party_hat-0cb02ee4
shop,Labrador Charm Keychain,breed-lab-keychain-6f511e21
shop,Labrador Illustrated Coffee Mug,tdc-mug-lab-a7ff96d3
shop,Labrador Mom/Dad Coffee Mug,breed-lab-mug-f8305c00
shop,Labrador Pawfect Bandana,breed-lab-bandana-04a6c616
shop,Labrador Rain Jacket,bp-labrador-rain_jacket-shop
shop,Large Breed  Celebration Bandana  Birthday Edition,9c590426-93c8-474a-bd5e-0f39bce3e5c7
shop,Large Breed  Cooling Vest  Beat The Heat,c07b80ac-cbe7-43cf-97a6-9a6dd409f96e
shop,Large Breed  Party Hat XL  Statement Piece,e7dc2a2a-a32d-412b-91c9-6a1dc5a01319
shop,Legacy Box Creation,svc-farewell-dd89d3b7
shop,Lhasa Apso Birthday Bandana,celebrate-lhasa-birthday_bandana-123f046d
shop,Lhasa Apso Birthday Party Hat,celebrate-lhasa-party_hat-b888a6ee
shop,Lhasa Apso Charm Keychain,breed-lhasa-keychain-e282ee7e
shop,Lhasa Apso Illustrated Coffee Mug,tdc-mug-lhasa-78573c4e
shop,Lhasa Apso Mom/Dad Coffee Mug,breed-lhasa-mug-0187dc49
shop,Lhasa Apso Pawfect Bandana,breed-lhasa-bandana-87aba5d3
shop,Lhasa Apso Rain Jacket,bp-lhasa_apso-rain_jacket-shop
shop,Long Coat  Detangling Spray  Mat Prevention,82bc71fa-e982-440e-b842-ae294671a1a3
shop,Lost Pet Alert Service,emergency-afc24ad7
shop,Lost Pet Recovery Plan,emergency-5aa61513
shop,Lost Pet Search & Recovery,svc-emergency-442c9ca6
shop,Lost Pet Search Service,seed-emergency-8fa7b9f2
shop,Maltese Birthday Bandana,celebrate-maltese-birthday_bandana-9eba278a
shop,Maltese Birthday Party Hat,celebrate-maltese-party_hat-60495004
shop,Maltese Charm Keychain,breed-maltese-keychain-acbcd560
shop,Maltese Illustrated Coffee Mug,tdc-mug-maltese-da8fb4a0
shop,Maltese Mom/Dad Coffee Mug,breed-maltese-mug-0dc348cb
shop,Maltese Parent  Maltese Tote Bag  Daily Essential,7b4a0569-c8b6-4570-b3bc-671eccc08883
shop,Maltese Pawfect Bandana,breed-maltese-bandana-dc7e708e
shop,Maltese Rain Jacket,bp-maltese-rain_jacket-shop
shop,Maltipoo Rain Jacket,bp-maltipoo-rain_jacket-shop
shop,Meal Prep Service - Weekly,svc-dine-0d03dd02
shop,Medical Records Digitisation,paperwork-5e994d0f
shop,Memorial Locket Pendant,fprod-locket
shop,Memorial Planning,prod-svc-farewell-memorial
shop,Memory-Making Photo Experience,svc-celebrate-7eb1a9f8
shop,Microchipping Service,care-ab29b4f4
shop,Milestone Celebration - Puppy to Adult,svc-celebrate-096f3547
shop,Milestone Celebration - Senior Honours,svc-celebrate-7f1565c4
shop,Mobile Grooming,prod-svc-groom-mobile
shop,Monthly Advisory Call,advisory-3a1f6545
shop,Monthly Daycare Pass,stay-6ebcd7f3
shop,Multi-Pet Household Plan,advisory-a40e35c5
shop,Nail Trim & Paw Care,groom-34eaf366
shop,New Family Member Package,bundle-adopt-new-family
shop,New Pet Parent Coaching,advisory-f696c03b
shop,New Pet Parent Consult,advisory-893ea747
shop,New Pet Parent Consultation,svc-advisory-313f87f4
shop,New Pet Parent Essentials,bundle-advisory-new-parent
shop,New Pet Support,prod-svc-adopt-support
shop,New Pet Welcome Package,adopt-3477166e
shop,Nutrition Assessment & Meal Plan,svc-dine-2f4ace47
shop,Nutrition Planning Session,advisory-4dd08198
shop,Organic Pet Meal Plan,dine-45ec6b9e
shop,Overnight Pet Nanny,stay-c57c999b
shop,Pain Management Plan,care-72f32b25
shop,Party Coordination Service,svc-celebrate-26caef13
shop,Paw Print Balloon Garland Kit (50 Pcs),party-8339cfb4
shop,Paw-parazzi Package,celeb-bundle-photo
shop,Pawsome Party Starter,celeb-bundle-basic
shop,Pawsome Pet Resort - Lonavala,stay-6999b97c47a78c4a81e03964
shop,Pawty Package,prod-svc-celebrate-pawty
shop,Pawty Package (Full Celebration),prod-svc-celebrate-pawty-package
shop,Personal Fitness Assessment,fit-20c869ef
shop,Personal Shopping Assistance,prod-SVC-SHOP-PERSONAL
shop,Personal Training Program,prod-svc-fit-program
shop,Pet Budget Planning,advisory-ec3071d6
shop,Pet Caf Experience,svc-enjoy-87f1504a
shop,Pet Chef Consultation,dine-d71fa051
shop,Pet Costume Party,enjoy-dbe300ab
shop,Pet Hotel Finder,travel-718ace51
shop,Pet Hotel Pool Access,stay-66f12a22
shop,Pet Insurance Advisory,svc-paperwork-28f1caa3
shop,Pet Insurance Assistance,paperwork-9dc28c77
shop,Pet Insurance Review,advisory-9869b0bb
shop,Pet Life Planning,advisory-347e8209
shop,Pet Loss Counseling Session,seed-farewell-15584e8a
shop,Pet Matching Service,prod-svc-adopt-match
shop,Pet Movie Night,enjoy-f662a5ef
shop,Pet Parent Social Club Membership,community-6771dc01
shop,Pet Party Catering,prod-svc-dine-catering
shop,Pet Passport Holder & Document Organizer,travel-3c00808d
shop,Pet Passport Service,seed-travel-40126710
shop,Pet Photography Meetup,community-7258b354
shop,Pet Photoshoot Package,celebrate-photoshoot
shop,Pet Relocation Service - Domestic,svc-travel-12312229
shop,Pet Relocation Service - International,svc-travel-3d30fbb1
shop,Pet Safety Audit,advisory-4dff9608
shop,Pet Sitting (Daily),prod-svc-care-sitting
shop,Pet Social Club,enjoy-4abbe5a7
shop,Pet Staycation Bundle,stay-84395942
shop,Pet Styling Consultation,prod-svc-shop-styling
shop,Pet Transport Service,travel-bf4970ea
shop,Pet Travel Insurance,travel-96ad5c22
shop,Pet Travel Planning - Domestic,svc-travel-d9c2f29d
shop,Pet Travel Planning - International,svc-travel-fbdc8657
shop,Pet Webcam Access,stay-b688d603
shop,Pet Will & Trust Setup,paperwork-48c6de72
shop,Pet-Friendly Destination Research,svc-travel-9fa70123
shop,Pet-Friendly Event Ticket,community-96d0306f
shop,Pet-Friendly Hotel Booking,seed-travel-48f44771
shop,Pet-Proofing Home Audit,seed-advisory-08449aa0
shop,Playdate Coordination,prod-svc-enjoy-playdate
shop,Playdate Coordination Service,svc-enjoy-57ba0150
shop,Pomeranian Birthday Bandana,celebrate-pom-birthday_bandana-45abb740
shop,Pomeranian Birthday Party Hat,celebrate-pom-party_hat-123dedb3
shop,Pomeranian Charm Keychain,breed-pom-keychain-1b25d0fa
shop,Pomeranian Illustrated Coffee Mug,tdc-mug-pom-5959ae1e
shop,Pomeranian Mom/Dad Coffee Mug,breed-pom-mug-4b339345
shop,Pomeranian Pawfect Bandana,breed-pom-bandana-a5491cca
shop,Pomeranian Rain Jacket,bp-pomeranian-rain_jacket-shop
shop,Poodle Birthday Bandana,celebrate-poodle-birthday_bandana-fa5299c4
shop,Poodle Birthday Party Hat,celebrate-poodle-party_hat-85d8644b
shop,Poodle Charm Keychain,breed-poodle-keychain-1af3e63f
shop,Poodle Illustrated Coffee Mug,tdc-mug-poodle-88601225
shop,Poodle Mom/Dad Coffee Mug,breed-poodle-mug-e5bf5b05
shop,Poodle Pawfect Bandana,breed-poodle-bandana-f01bed36
shop,Poodle Rain Jacket,bp-poodle-rain_jacket-shop
shop,Portable Pet Playpen (Foldable),travel-50b20fea4f13
shop,Post-Surgery Care Coordination,svc-care-0d344ead
shop,Premium Bandana Set (Pack of 3),huft-f71cc72577d6
shop,Premium Boarding Setup,prod-svc-stay-premium
shop,Premium Care Package,prod-svc-care-premium
shop,Premium Celebration Hamper,celebrate-bundle-premium
shop,Premium Raincoat with Hood,huft-f9243975af78
shop,Premium Reservation Service,dine-reservation-1
shop,Private Cremation Service,farewell-0b79f1d7
shop,Private Home Dining,prod-svc-dine-private-home
shop,Private In-Home Training Session,learn-9f57f471
shop,Professional Clicker Training Kit,learn-prod-clicker
shop,Professional Pet Photoshoot,prod-svc-celebrate-photoshoot
shop,Pug Birthday Bandana,celebrate-pug-birthday_bandana-8a869537
shop,Pug Birthday Party Hat,celebrate-pug-party_hat-c32f2b23
shop,Pug Charm Keychain,breed-pug-keychain-52a83517
shop,Pug Illustrated Coffee Mug,tdc-mug-pug-9f64f156
shop,Pug Mom/Dad Coffee Mug,breed-pug-mug-c6347399
shop,Pug Pawfect Bandana,breed-pug-bandana-1daed31c
shop,Pug Rain Jacket,bp-pug-rain_jacket-shop
shop,Puppy Development Programme,svc-fit-ccb115e9
shop,Puppy Foundation Course,learn-c970f784
shop,Puppy Learning Journey,bundle-learn-puppy-starter
shop,Puppy Socialisation Programme,svc-learn-d6d763c9
shop,Puppy Training Package,prod-svc-learn-puppy
shop,Rainbow Bridge Ceremony - Complete,svc-farewell-eb4da3dc
shop,Raincoat with Hood,seed-shop-eec6f2c0
shop,Reactive Dog Workshop,learn-403fe5c2
shop,Reactivity Rehabilitation,svc-learn-185e5ed3
shop,Recall Training Intensive,learn-4781e95d
shop,Reflective Safety Travel Harness,travel-086cc4d0163b
shop,Registration Service,paperwork-f7b2af2c
shop,Rehoming Consultation,advisory-cd79487b
shop,Relocation Concierge,prod-svc-travel-relocation
shop,Rescue Dog Rehabilitation,seed-adopt-54adefbc
shop,Rottweiler Birthday Bandana,celebrate-rottie-birthday_bandana-9284b216
shop,Rottweiler Birthday Party Hat,celebrate-rottie-party_hat-2949106f
shop,Rottweiler Charm Keychain,breed-rottie-keychain-3be00997
shop,Rottweiler Illustrated Coffee Mug,tdc-mug-rottie-0138e1a2
shop,Rottweiler Mom/Dad Coffee Mug,breed-rottie-mug-448fb00f
shop,Rottweiler Pawfect Bandana,breed-rottie-bandana-c7f3615b
shop,Rottweiler Rain Jacket,bp-rottweiler-rain_jacket-shop
shop,Saint Bernard Birthday Bandana,celebrate-saintbernard-birthday_bandana-a6392a67
shop,Saint Bernard Birthday Party Hat,celebrate-saintbernard-party_hat-de4bfd98
shop,Saint Bernard Charm Keychain,breed-saintbernard-keychain-41294b8b
shop,Saint Bernard Illustrated Coffee Mug,tdc-mug-saintbernard-aaed16d3
shop,Saint Bernard Mom/Dad Coffee Mug,breed-saintbernard-mug-45736e10
shop,Saint Bernard Pawfect Bandana,breed-saintbernard-bandana-7755e9f8
shop,Samoyed Birthday Bandana,celebrate-samoyed-birthday_bandana-25d52a81
shop,Samoyed Birthday Party Hat,celebrate-samoyed-party_hat-4259906f
shop,Samoyed Charm Keychain,breed-samoyed-keychain-6b02af4b
shop,Samoyed Illustrated Coffee Mug,tdc-mug-samoyed-9237ed7f
shop,Samoyed Mom/Dad Coffee Mug,breed-samoyed-mug-ad4542dc
shop,Samoyed Pawfect Bandana,breed-samoyed-bandana-49f07c0d
shop,Samoyed Rain Jacket,bp-samoyed-rain_jacket-shop
shop,Schnoodle Rain Jacket,bp-schnoodle-rain_jacket-shop
shop,Scottish Terrier Rain Jacket,bp-scottish_terrier-rain_jacket-shop
shop,Seasonal Festival Pass,enjoy-1e456934
shop,Senior Dog  Orthopedic Mat  Joint Support,ab5d9756-af37-41f8-9f0b-9425bfbaedb6
shop,Senior Mobility Programme,svc-fit-fc51b143
shop,Senior Pet Adoption Support,seed-adopt-ffcdaa55
shop,Senior Pet Care Package,care-b409bba3
shop,Senior Pet Care Plan,advisory-4c13f2cb
shop,Senior Pet Care Programme,svc-care-350a66bc
shop,Senior Pet Insurance,insure-45d2f162
shop,Separation Anxiety Course,learn-cb9efa29
shop,Separation Anxiety Programme,svc-learn-041b71ca
shop,Service Dog Training,learn-332dfec9
shop,Shelter Support Donation,adopt-bc5b1cf3
shop,Shetland Sheepdog Rain Jacket,bp-shetland_sheepdog-rain_jacket-shop
shop,Shiba Inu Birthday Bandana,celebrate-shiba-birthday_bandana-3a660c99
shop,Shiba Inu Birthday Party Hat,celebrate-shiba-party_hat-5a63364d
shop,Shiba Inu Charm Keychain,breed-shiba-keychain-39df2e1b
shop,Shiba Inu Illustrated Coffee Mug,tdc-mug-shiba-f43eb223
shop,Shiba Inu Mom/Dad Coffee Mug,breed-shiba-mug-dc231f0b
shop,Shiba Inu Pawfect Bandana,breed-shiba-bandana-4d6cb7cb
shop,Shih Tzu Birthday Bandana,celebrate-shihtzu-birthday_bandana-859f950c
shop,Shih Tzu Birthday Party Hat,celebrate-shihtzu-party_hat-53ab0ecb
shop,Shih Tzu Charm Keychain,breed-shihtzu-keychain-0bb95a19
shop,Shih Tzu Illustrated Coffee Mug,tdc-mug-shihtzu-da5a7546
shop,Shih Tzu Mom/Dad Coffee Mug,breed-shihtzu-mug-00e98658
shop,Shih Tzu Pawfect Bandana,breed-shihtzu-bandana-15193d5c
shop,Shih Tzu Rain Jacket,bp-shih_tzu-rain_jacket-shop
shop,Short Coat  Deshedding Mitt  Fur Management,946d16e9-4ea0-4fcf-995b-f0142d462db0
shop,Siberian Husky Rain Jacket,bp-siberian_husky-rain_jacket-shop
shop,Skin & Coat Treatment,care-8816493c
shop,Small Breed  Mini Party Hat  Tiny Crown,2b6fbfbb-d5fe-41b2-a03a-66b7ecfd56d5
shop,Small Breed  Party Bandana  Birthday Pawty,1aedab0e-1399-4cf9-b0aa-ac32b3dc54aa
shop,Small Breed  Raincoat  Dry Walks,5a20d25f-1eb8-4cfd-8851-559c10bb976c
shop,Small Breed  Winter Sweater  Cozy Warmth,6245097c-8e9a-40be-a0a7-6eb35ecb0bd1
shop,Social Butterfly Package,bundle-community-social-butterfly
shop,Social Calendar Management,svc-enjoy-a8ba8999
shop,Spa Bath & Pamper Session,groom-f1f657ff
shop,Special Needs Pet Guide,seed-adopt-e2af25bd
shop,Spitz Birthday Bandana,celebrate-spitz-birthday_bandana-c2ac1c7e
shop,Spitz Birthday Party Hat,celebrate-spitz-party_hat-6dc841f9
shop,Spitz Charm Keychain,breed-spitz-keychain-f3b911d0
shop,Spitz Illustrated Coffee Mug,tdc-mug-spitz-834f6cb7
shop,Spitz Mom/Dad Coffee Mug,breed-spitz-mug-75694e48
shop,Spitz Pawfect Bandana,breed-spitz-bandana-adcee918
shop,Sprint Training Session,fit-de7330a4
shop,St Bernard Rain Jacket,bp-st_bernard-rain_jacket-shop
shop,Stay Concierge,prod-svc-stay-concierge
shop,Surprise Box Subscription,prod-svc-shop-subscription
shop,Surprise Delivery & Moment,svc-celebrate-b5b832db
shop,Surprise Delivery Service,celebrate-surprise
shop,Swimming Pool Session,seed-enjoy-dd8937e5
shop,Swimming Session - Pool,svc-enjoy-aabd3519
shop,Swimming Therapy Session,fit-0706f65f
shop,TDC Bandana,dine-item-a242b0e1
shop,TDC Birthday Bandana,dine-item-ba915174
shop,TDC Dental Chews,dine-item-0229ab12
shop,TDC Dine-fish-omega,dine-item-587ac910
shop,TDC Dine-fresh-chicken,dine-item-6910756b
shop,TDC Dine-lamb-rice,dine-item-58a0bc3e
shop,TDC Dine-veggie-bowl,dine-item-ddbc5472
shop,TDC Freeze-dried Liver,dine-item-f9230be5
shop,TDC Gourmet Meal,dine-item-b75c8ac7
shop,TDC Gourmet Treats Pack,dine-item-18beef18
shop,TDC Party Hat Set,dine-item-f7ff0c49
shop,TDC Paw Print Napkins,dine-item-0acc627d
shop,TDC Peanut Butter Biscuits,dine-item-fed1000d
shop,TDC Photo Frame,dine-item-475cda5d
shop,TDC Plush Toy,dine-item-1e4e3113
shop,TDC Premium Treats Box,dine-item-5126b62c
shop,TDC Special Treats,dine-item-462a43d5
shop,TDC Treat Pouch,dine-item-ff02ced2
shop,The Dog House - Gurgaon,stay-6999b97c47a78c4a81e03965
shop,Training Method Consult,advisory-4bcf8a7b
shop,Training Treat Pouch + Treats,learn-prod-treats
shop,Travel & Relocation Sourcing,prod-SVC-SHOP-RELOCATE
shop,Travel Anxiety Treats,travel-50e5d581
shop,Travel Documentation Service,svc-travel-fe9aae55
shop,Travel Insurance for Pets,insure-9212f433
shop,Travel Planning,prod-svc-travel-planning
shop,Travel Ready  Portable Water Bottle  Hydration Station,df74b050-240a-4ddb-9786-f7273df9cb85
shop,Travel Ready Package,bundle-paperwork-travel-ready
shop,Treadmill Training,fit-773d1514
shop,Trial Stay Experience,svc-stay-10f6ffd7
shop,Trick Training Workshop,learn-ad2ada40
shop,Ultimate Birthday Bash,celeb-bundle-ultimate
shop,Ultimate Birthday Bundle,celebrate-bundle-birthday
shop,Ultimate Pamper Day,bundle-groom-pamper-day
shop,Ultrasonic Training Whistle,learn-prod-whistle
shop,VIP Restaurant Reservations,prod-svc-dine-reservation
shop,Vaccination Package,care-4a5a66b0
shop,Vet Consultation at Home,prod-svc-care-vet
shop,Vet Selection Assistance,advisory-868116bf
shop,Vet-Recommended Sourcing,prod-SVC-SHOP-VET-REC
shop,Vizsla Rain Jacket,bp-vizsla-rain_jacket-shop
shop,WOOF Letter Balloon Set - Gold Foil,party-af29633b
shop,Weekly Boarding Package,stay-5ce68721
shop,Weekly Meal Prep Service,dine-58949d34
shop,Weight Management Programme,svc-fit-a108ac16
shop,Weimaraner Birthday Bandana,celebrate-weimaraner-birthday_bandana-a6de3ec0
shop,Weimaraner Birthday Party Hat,celebrate-weimaraner-party_hat-87e3ec47
shop,Weimaraner Charm Keychain,breed-weimaraner-keychain-80381e3f
shop,Weimaraner Illustrated Coffee Mug,tdc-mug-weimaraner-ec50d881
shop,Weimaraner Mom/Dad Coffee Mug,breed-weimaraner-mug-12268f96
shop,Weimaraner Pawfect Bandana,breed-weimaraner-bandana-74831512
shop,Weimaraner Rain Jacket,bp-weimaraner-rain_jacket-shop
shop,Wellness Blood Test,care-9edbbfba
shop,Wooden Memory Box,fprod-urn-wooden
shop,Yorkshire Rain Jacket,bp-yorkshire-rain_jacket-shop
shop,Yorkshire Terrier Birthday Bandana,celebrate-yorkie-birthday_bandana-f5970c17
shop,Yorkshire Terrier Birthday Party Hat,celebrate-yorkie-party_hat-7e99a733
shop,Yorkshire Terrier Charm Keychain,breed-yorkie-keychain-95edaad4
shop,Yorkshire Terrier Illustrated Coffee Mug,tdc-mug-yorkie-dfd90b02
shop,Yorkshire Terrier Mom/Dad Coffee Mug,breed-yorkie-mug-d7172dd5
shop,Yorkshire Terrier Pawfect Bandana,breed-yorkie-bandana-98805cb6
test,Audit Test Product,PROD-90504666929A
treats,Chicken Liver Cookies,shopify-8873047294106
